id;code_postal;initiales;nom;prenom;mail;etat
1;Table Future Florida;Quetzal Switzerland;multi-byte Tugrik transmitting;Cambridgeshire Moldovan Leu;Buckinghamshire invoice Stravenue;SUPPRIME
2;synergize Bacon;hierarchy;Incredible Accounts protocol;Zloty Health;deposit;SUPPRIME
3;Rand Namibia Dollar ;web-readiness;Berkshire;Paradigm;channels Movies;BLOQUE
4;Cotton;rich e-tailers Hong ;Cambridgeshire Riel digital;Passage Lead;Serbian Dinar New Caledonia Cambodia;SUPPRIME
5;Lodge monitor parsin;interactive lavender;enhance communities Cotton;Intelligent Handcrafted;connecting CFA Franc BCEAO;BLOQUE
6;neural;AGP connecting;hacking;Fiji Dollar;radical;BLOQUE
7;Kids AI maximized;Computer RSS Route;Assistant;Unbranded Wooden Chips;Adaptive;BLOQUE
8;Frozen Manager;Awesome reboot;tan;Movies platforms Representative;Bedfordshire;CREE
9;communities Trail fr;quantify Berkshire;Expressway deposit;Specialist;synthesize;VALIDE
10;Cuban Peso Peso Conv;integrate;Bahraini Dinar Representative;mint green generate;Rial Omani;BLOQUE
